mutcode,101,104,114,128,78,79,86,99,NP
136ALA,-85.49972534179688,-89.01522827148438,-71.6309814453125,-89.46896362304688,-95.80349731445312,-99.75918579101562,-96.243408203125,-89.03509521484375,-99.3125
136ARG,-84.95419311523438,-88.60012817382812,-71.12664794921875,-89.08456420898438,-95.70260620117188,-99.3016357421875,-96.62921142578125,-88.67837524414062,-99.31295776367188
136ASN,-85.50607299804688,-88.58746337890625,-70.70071411132812,-89.48062133789062,-95.70437622070312,-99.61834716796875,-96.84841918945312,-89.04434204101562,-97.94546508789062
136ASP,-85.53384399414062,-89.00506591796875,-70.49502563476562,-89.48825073242188,-95.62567138671875,-99.559326171875,-96.81399536132812,-89.04901123046875,-99.00784301757812
136CYS,-85.5948486328125,-89.08303833007812,-70.87936401367188,-89.5543212890625,-95.72430419921875,-100.1013793945312,-96.80294799804688,-89.03262329101562,-99.45089721679688
136GLN,-84.92037963867188,-88.64956665039062,-71.1207275390625,-88.96823120117188,-95.41802978515625,-100.2775268554688,-96.85104370117188,-88.63616943359375,-99.3009033203125
136GLU,-85.1063232421875,-88.76235961914062,-70.65447998046875,-89.10916137695312,-95.48507690429688,-99.655517578125,-96.91690063476562,-88.73162841796875,-99.32217407226562
136GLY,-85.41970825195312,-88.96630859375,-71.38870239257812,-89.35073852539062,-95.8240966796875,-99.74481201171875,-96.51217651367188,-88.9569091796875,-99.34048461914062
136HIS,-85.55441284179688,-89.01162719726562,-71.09634399414062,-89.42962646484375,-95.658447265625,-100.2541198730469,-96.65728759765625,-89.02059936523438,-99.33721923828125
136ILE,-85.13552856445312,-88.54010009765625,-71.19879150390625,-89.21023559570312,-95.57684326171875,-100.1868896484375,-98.07546997070312,-88.77352905273438,-99.20196533203125
136LEU,-84.87271118164062,-88.60809326171875,-70.5537109375,-88.89968872070312,-96.24307250976562,-100.152099609375,-96.88406372070312,-88.920166015625,-98.81765747070312
136LYS,-84.97470092773438,-88.5032958984375,-71.49484252929688,-88.89407348632812,-95.82476806640625,-99.72683715820312,-96.18136596679688,-88.57135009765625,-99.00692749023438
136MET,-84.77874755859375,-88.53607177734375,-71.06182861328125,-88.70693969726562,-95.6990966796875,-99.56207275390625,-96.17559814453125,-88.354736328125,-97.13742065429688
136PHE,-85.9666748046875,-88.62042236328125,-70.73416137695312,-89.78164672851562,-95.65081787109375,-100.2389526367188,-97.16757202148438,-88.63327026367188,-99.44558715820312
136PRO,-86.68890380859375,-88.5567626953125,-70.69863891601562,-90.5435791015625,-95.96441650390625,-99.80108642578125,-96.90634155273438,-88.638427734375,-99.13327026367188
136SER,-85.47781372070312,-88.97686767578125,-70.5970458984375,-89.52261352539062,-95.88323974609375,-99.74755859375,-96.58984375,-88.53668212890625,-99.29168701171875
136THR,-85.58502197265625,-89.08895874023438,-71.41976928710938,-89.54916381835938,-95.72747802734375,-99.671630859375,-96.84567260742188,-89.04360961914062,-99.52743530273438
136TRP,-84.79534912109375,-88.54913330078125,-71.777099609375,-88.89373779296875,-95.14605712890625,-99.67535400390625,-96.86904907226562,-88.66790771484375,-99.15005493164062
136TYR,-85.94741821289062,-88.56173706054688,-71.01303100585938,-90.08865356445312,-95.517333984375,-99.43994140625,-96.73052978515625,-88.46719360351562,-99.03280639648438
136VAL,-86.57015991210938,-88.52880859375,-70.94436645507812,-89.11135864257812,-95.8663330078125,-99.66241455078125,-97.99758911132812,-88.64886474609375,-99.32113647460938
137ALA,-87.55142211914062,-89.59268188476562,-71.61175537109375,-89.8472900390625,-96.7081298828125,-100.9272766113281,-96.91806030273438,-90.67547607421875,-99.89370727539062
137ARG,-87.64599609375,-89.0443115234375,-72.00491333007812,-90.38040161132812,-96.65414428710938,-100.8684692382812,-97.60638427734375,-88.64358520507812,-99.41961669921875
137ASN,-87.607421875,-89.62185668945312,-71.17529296875,-89.80126953125,-96.74270629882812,-100.9655151367188,-96.8785400390625,-90.71795654296875,-99.64801025390625
137ASP,-87.54476928710938,-89.61788940429688,-71.58078002929688,-89.856689453125,-96.76968383789062,-100.9807434082031,-97.06851196289062,-90.64373779296875,-99.67514038085938
137CYS,-87.3023681640625,-89.63339233398438,-71.56976318359375,-89.87979125976562,-96.65737915039062,-100.9105529785156,-97.01974487304688,-90.69406127929688,-99.908935546875
137GLN,-87.669677734375,-90.95285034179688,-71.29400634765625,-91.20169067382812,-96.28765869140625,-100.3999938964844,-98.21649169921875,-90.78533935546875,-99.85595703125
137GLU,-87.64114379882812,-90.96109008789062,-71.3212890625,-91.14895629882812,-96.11935424804688,-100.3888244628906,-98.45684814453125,-90.80532836914062,-99.9046630859375
137GLY,-87.585693359375,-89.6014404296875,-71.56549072265625,-89.81063842773438,-96.85269165039062,-101.0024108886719,-96.66680908203125,-90.72549438476562,-99.65676879882812
137HIS,-87.57168579101562,-89.60513305664062,-71.53231811523438,-89.78793334960938,-96.79098510742188,-100.9837036132812,-97.01718139648438,-90.70919799804688,-99.79257202148438
137ILE,-87.66998291015625,-89.68304443359375,-71.21063232421875,-89.82992553710938,-96.56585693359375,-100.8397521972656,-96.8760986328125,-89.34234619140625,-99.86566162109375
137LEU,-87.603759765625,-89.78750610351562,-71.189208984375,-91.09820556640625,-96.96755981445312,-100.8017883300781,-97.03622436523438,-90.71279907226562,-99.37496948242188
137LYS,-87.5966796875,-89.4603271484375,-71.53646850585938,-89.52206420898438,-96.71023559570312,-100.8655700683594,-97.5819091796875,-89.24063110351562,-99.64694213867188
137MET,-87.63134765625,-89.5076904296875,-71.54818725585938,-89.82427978515625,-96.55532836914062,-100.8322143554688,-97.07144165039062,-90.7476806640625,-99.91842651367188
137PHE,-87.32907104492188,-89.5684814453125,-71.27871704101562,-89.66302490234375,-96.552734375,-100.80126953125,-98.793212890625,-90.52020263671875,-99.560546875
137PRO,-86.279052734375,-89.916015625,-71.72265625,-89.52420043945312,-99.13363647460938,-103.5450134277344,-96.49755859375,-89.48046875,-99.544677734375
137SER,-87.5535888671875,-89.63800048828125,-71.58001708984375,-91.09762573242188,-96.64007568359375,-100.89599609375,-96.98348999023438,-90.66152954101562,-99.60354614257812
137THR,-87.47100830078125,-89.65042114257812,-71.07000732421875,-91.12557983398438,-96.6328125,-100.8535461425781,-96.94973754882812,-90.64990234375,-99.76239013671875
137TRP,-86.218505859375,-90.60281372070312,-70.62469482421875,-90.72601318359375,-96.5687255859375,-103.7001342773438,-97.0318603515625,-90.389892578125,-99.44784545898438
137TYR,-86.32467651367188,-89.68411254882812,-70.91729736328125,-90.76751708984375,-96.50680541992188,-101.3166198730469,-97.33172607421875,-89.37838745117188,-99.43777465820312
137VAL,-87.65676879882812,-89.64434814453125,-71.70819091796875,-89.80996704101562,-96.70693969726562,-100.8941955566406,-97.0364990234375,-90.7427978515625,-99.89825439453125
138ALA,-86.33859252929688,-89.61740112304688,-71.22637939453125,-90.1998291015625,-96.0689697265625,-100.6997375488281,-97.32424926757812,-89.54965209960938,-98.74191284179688
138ARG,-87.7127685546875,-89.91400146484375,-71.25473022460938,-90.18026733398438,-95.84063720703125,-100.1429748535156,-98.0543212890625,-91.19061279296875,-99.7469482421875
138ASN,-86.84542846679688,-89.63583374023438,-71.18038940429688,-90.57058715820312,-96.06588745117188,-100.311767578125,-97.58966064453125,-89.41567993164062,-99.62149047851562
138ASP,-86.45852661132812,-90.63101196289062,-71.04110717773438,-90.24856567382812,-96.0052490234375,-100.2392883300781,-97.25717163085938,-89.80270385742188,-99.62167358398438
138CYS,-86.53927612304688,-90.63787841796875,-71.3935546875,-90.06546020507812,-95.97564697265625,-100.6966857910156,-98.05438232421875,-89.52902221679688,-99.57620239257812
138GLN,-87.43328857421875,-90.01272583007812,-72.10824584960938,-89.95416259765625,-95.81094360351562,-100.3194580078125,-96.65481567382812,-89.3807373046875,-99.58163452148438
138GLU,-85.91647338867188,-90.7724609375,-71.6502685546875,-90.135498046875,-95.96914672851562,-100.3069763183594,-97.08978271484375,-89.62460327148438,-99.57907104492188
138GLY,-86.19808959960938,-90.736572265625,-71.11312866210938,-90.22567749023438,-96.00323486328125,-100.7702941894531,-98.60833740234375,-89.72055053710938,-99.48788452148438
138HIS,-86.3304443359375,-90.02975463867188,-71.25872802734375,-90.39093017578125,-95.85946655273438,-101.0035400390625,-98.36148071289062,-89.8858642578125,-99.63739013671875
138ILE,-87.6934814453125,-90.50927734375,-71.5679931640625,-90.21975708007812,-95.97824096679688,-100.6405334472656,-97.73406982421875,-90.04360961914062,-99.66961669921875
138LEU,-86.36553955078125,-90.51266479492188,-71.44821166992188,-90.46224975585938,-95.9571533203125,-100.2822570800781,-97.31076049804688,-89.8848876953125,-99.35940551757812
138LYS,-87.54476928710938,-89.89285278320312,-71.53756713867188,-90.13491821289062,-95.7529296875,-100.2060241699219,-97.3480224609375,-89.61032104492188,-98.360107421875
138MET,-87.69015502929688,-90.63577270507812,-71.50296020507812,-90.08233642578125,-96.16806030273438,-100.685302734375,-97.7359619140625,-89.6346435546875,-99.6568603515625
138PHE,-85.87298583984375,-90.17767333984375,-71.47076416015625,-90.35308837890625,-96.0816650390625,-100.0362243652344,-97.19500732421875,-89.71209716796875,-98.470703125
138PRO,-86.27450561523438,-90.26467895507812,-71.52670288085938,-89.95083618164062,-95.60800170898438,-99.67230224609375,-96.32974243164062,-89.736572265625,-98.02658081054688
138SER,-86.11154174804688,-90.72393798828125,-71.26742553710938,-90.27072143554688,-96.01895141601562,-100.1808166503906,-97.20181274414062,-89.84829711914062,-99.42520141601562
138THR,-86.158935546875,-90.01040649414062,-71.58407592773438,-90.26449584960938,-95.80532836914062,-100.6391296386719,-98.52127075195312,-89.70941162109375,-99.61117553710938
138TRP,-86.47451782226562,-90.18765258789062,-71.69384765625,-90.02459716796875,-96.07452392578125,-100.6426391601562,-97.00567626953125,-89.90585327148438,-98.46011352539062
138TYR,-85.84567260742188,-90.66168212890625,-71.35800170898438,-91.13504028320312,-96.00778198242188,-100.8390808105469,-96.35015869140625,-89.73043823242188,-99.717529296875
138VAL,-87.84378051757812,-89.95596313476562,-71.35845947265625,-90.19387817382812,-96.09097290039062,-100.7314147949219,-97.50039672851562,-89.74960327148438,-99.71578979492188
139ALA,-86.79632568359375,-90.05490112304688,-74.24502563476562,-91.11618041992188,-95.42840576171875,-100.0191345214844,-97.20889282226562,-90.61111450195312,-95.607177734375
139ARG,-86.74838256835938,-88.50811767578125,-75.50027465820312,-91.05966186523438,-95.3848876953125,-99.46490478515625,-98.53533935546875,-90.6766357421875,-95.83859252929688
139ASN,-86.77301025390625,-91.97116088867188,-74.92132568359375,-90.98532104492188,-95.42239379882812,-99.43310546875,-97.6190185546875,-90.6575927734375,-95.60943603515625
139ASP,-86.74932861328125,-90.86520385742188,-74.89996337890625,-90.96615600585938,-95.97320556640625,-100.0555725097656,-97.58993530273438,-90.63348388671875,-95.7275390625
139CYS,-86.76959228515625,-90.73876953125,-74.07333374023438,-91.14788818359375,-95.40777587890625,-99.45562744140625,-97.52978515625,-90.59024047851562,-95.74526977539062
139GLN,-86.63418579101562,-90.02114868164062,-74.83181762695312,-90.97250366210938,-95.4326171875,-99.33273315429688,-97.46829223632812,-90.50836181640625,-95.53402709960938
139GLU,-86.77182006835938,-91.0111083984375,-74.92117309570312,-90.6724853515625,-95.76608276367188,-100.1679077148438,-97.2513427734375,-90.62396240234375,-95.90548706054688
139GLY,-86.76119995117188,-89.96124267578125,-75.43698120117188,-91.0960693359375,-95.4564208984375,-100.0010375976562,-97.23947143554688,-90.620849609375,-95.76092529296875
139HIS,-86.70648193359375,-90.06158447265625,-76.05218505859375,-91.07015991210938,-95.45596313476562,-100.3753662109375,-97.51553344726562,-90.58901977539062,-95.85113525390625
139ILE,-86.75363159179688,-90.97402954101562,-75.70669555664062,-91.04818725585938,-95.74496459960938,-100.0091552734375,-97.61630249023438,-90.61688232421875,-95.85162353515625
139LEU,-86.797607421875,-90.85855102539062,-75.1871337890625,-90.634521484375,-95.46942138671875,-99.93646240234375,-98.41970825195312,-90.60549926757812,-96.48031616210938
139LYS,-86.7017822265625,-90.87026977539062,-74.94131469726562,-91.09030151367188,-95.37554931640625,-99.989501953125,-97.522705078125,-90.5618896484375,-95.67462158203125
139MET,-86.74636840820312,-90.73165893554688,-73.4371337890625,-91.18020629882812,-95.03570556640625,-99.49612426757812,-97.9989013671875,-90.66412353515625,-95.90914916992188
139PHE,-86.75653076171875,-90.01419067382812,-74.37716674804688,-90.98294067382812,-95.97579956054688,-100.1377868652344,-97.70614624023438,-90.60772705078125,-95.87152099609375
139PRO,-86.79696655273438,-90.60720825195312,-74.56161499023438,-91.00201416015625,-95.8802490234375,-100.0987854003906,-97.09597778320312,-90.57742309570312,-95.53744506835938
139SER,-86.74014282226562,-88.1480712890625,-75.13357543945312,-91.156005859375,-95.4300537109375,-100.0211791992188,-97.4432373046875,-90.63336181640625,-95.805908203125
139THR,-86.77957153320312,-90.93753051757812,-75.27035522460938,-91.05569458007812,-95.7469482421875,-99.5513916015625,-97.4599609375,-90.60867309570312,-95.697998046875
139TRP,-86.83663940429688,-89.90142822265625,-74.83493041992188,-90.99777221679688,-96.0045166015625,-100.6921997070312,-97.46218872070312,-90.65231323242188,-95.84100341796875
139TYR,-86.77545166015625,-90.02877807617188,-76.07363891601562,-91.05490112304688,-96.00604248046875,-100.0757446289062,-97.61245727539062,-90.62548828125,-95.72332763671875
139VAL,-86.74758911132812,-90.93893432617188,-73.78390502929688,-91.07522583007812,-95.71743774414062,-99.61856079101562,-97.85067749023438,-90.67300415039062,-95.94512939453125
140ALA,-88.10736083984375,-89.387939453125,-75.61691284179688,-91.76345825195312,-96.11175537109375,-101.0672302246094,-98.370361328125,-91.06246948242188,-95.87857055664062
140ARG,-88.01913452148438,-89.62515258789062,-76.82150268554688,-91.9822998046875,-96.33621215820312,-101.0053100585938,-98.8734130859375,-90.62319946289062,-97.46441650390625
140ASN,-87.97085571289062,-90.35336303710938,-76.13104248046875,-91.70489501953125,-96.66781616210938,-100.6545104980469,-98.49526977539062,-90.85479736328125,-95.66473388671875
140ASP,-87.9678955078125,-90.35260009765625,-75.457275390625,-91.72201538085938,-96.63958740234375,-100.6624755859375,-98.21234130859375,-90.8184814453125,-95.72024536132812
140CYS,-87.98141479492188,-89.26260375976562,-75.90182495117188,-91.70550537109375,-96.64974975585938,-100.4879760742188,-98.13217163085938,-90.72119140625,-95.82156372070312
140GLN,-87.98098754882812,-89.3699951171875,-75.350341796875,-92.03610229492188,-96.65847778320312,-100.4839477539062,-98.37924194335938,-90.71994018554688,-95.75735473632812
140GLU,-88.06597900390625,-90.4937744140625,-75.18124389648438,-91.731689453125,-95.947021484375,-100.5092163085938,-98.30960083007812,-90.7017822265625,-95.69140625
140GLY,-87.96804809570312,-89.395751953125,-74.24725341796875,-91.79257202148438,-96.70416259765625,-100.7601928710938,-98.19219970703125,-90.72323608398438,-95.79400634765625
140HIS,-88.07608032226562,-90.5882568359375,-73.53353881835938,-91.84970092773438,-96.74490356445312,-100.6159057617188,-98.5179443359375,-91.07977294921875,-95.76287841796875
140ILE,-88.35223388671875,-90.714599609375,-74.1693115234375,-92.0380859375,-96.77203369140625,-101.0143737792969,-98.6907958984375,-91.28823852539062,-96.01373291015625
140LEU,-87.9744873046875,-90.71575927734375,-76.93063354492188,-91.75039672851562,-96.6695556640625,-100.6430053710938,-98.19869995117188,-91.16317749023438,-95.89730834960938
140LYS,-88.29452514648438,-90.45254516601562,-75.99734497070312,-92.00216674804688,-96.8372802734375,-100.7080688476562,-98.37261962890625,-90.87521362304688,-95.89590454101562
140MET,-87.89300537109375,-89.27096557617188,-75.41220092773438,-91.67919921875,-96.5677490234375,-100.4685363769531,-98.25662231445312,-90.67062377929688,-95.69000244140625
140PHE,-88.2962646484375,-90.72604370117188,-75.16567993164062,-92.0020751953125,-96.225830078125,-100.6717224121094,-98.50689697265625,-91.60751342773438,-96.81771850585938
140PRO,-87.79345703125,-89.35092163085938,-75.0233154296875,-91.602783203125,-96.14749145507812,-100.3882751464844,-98.345703125,-90.72384643554688,-95.35458374023438
140SER,-88.11929321289062,-90.46829223632812,-75.14785766601562,-91.80331420898438,-96.70803833007812,-100.6122741699219,-99.00906372070312,-91.08258056640625,-95.91458129882812
140THR,-87.94790649414062,-89.36892700195312,-75.63632202148438,-91.83511352539062,-96.67599487304688,-100.5170593261719,-98.23831176757812,-90.80123901367188,-95.77191162109375
140TRP,-88.95620727539062,-90.93157958984375,-74.80630493164062,-92.63479614257812,-98.2855224609375,-102.605224609375,-99.970458984375,-91.70028686523438,-97.53366088867188
140TYR,-88.70623779296875,-91.3841552734375,-75.1781005859375,-92.9442138671875,-98.344482421875,-101.847900390625,-99.34609985351562,-91.73406982421875,-97.07772827148438
140VAL,-88.36236572265625,-90.51644897460938,-75.21627807617188,-91.65414428710938,-96.55313110351562,-100.4657592773438,-98.10873413085938,-90.66891479492188,-96.01528930664062
141ALA,-87.85711669921875,-91.24859619140625,-75.72109985351562,-92.07064819335938,-96.59677124023438,-100.0201721191406,-98.39559936523438,-91.35675048828125,-94.78390502929688
141ARG,-89.24264526367188,-93.07366943359375,-72.34347534179688,-93.332763671875,-96.9215087890625,-101.6185913085938,-100.0378723144531,-92.51950073242188,-95.95831298828125
141ASN,-89.19512939453125,-91.4398193359375,-73.41860961914062,-93.336181640625,-96.92755126953125,-101.7008666992188,-99.10498046875,-92.51675415039062,-96.07638549804688
141ASP,-88.46047973632812,-90.38778686523438,-71.90280151367188,-92.16094970703125,-97.1441650390625,-100.9228210449219,-98.99346923828125,-91.7689208984375,-95.82778930664062
141CYS,-87.61727905273438,-92.58975219726562,-70.79940795898438,-93.32684326171875,-96.01126098632812,-99.77407836914062,-97.78631591796875,-91.00454711914062,-94.3604736328125
141GLN,-88.17825317382812,-92.6568603515625,-72.63827514648438,-93.12747192382812,-96.2945556640625,-101.4462890625,-98.39657592773438,-91.5997314453125,-95.56509399414062
141GLU,-88.2005615234375,-91.24322509765625,-73.80120849609375,-92.32107543945312,-96.26626586914062,-100.7281494140625,-98.39352416992188,-91.72845458984375,-95.24142456054688
141GLY,-88.01300048828125,-91.35107421875,-72.50106811523438,-92.19589233398438,-96.3323974609375,-100.5820617675781,-98.18258666992188,-91.52621459960938,-95.39300537109375
141HIS,-88.184814453125,-92.91970825195312,-73.34674072265625,-92.20745849609375,-97.0657958984375,-101.291259765625,-98.2674560546875,-92.50991821289062,-96.30398559570312
141ILE,-88.71200561523438,-92.88717651367188,-74.26412963867188,-93.276123046875,-98.02554321289062,-101.6473083496094,-98.8212890625,-91.269287109375,-95.59658813476562
141LEU,-87.19955444335938,-91.16766357421875,-72.76998901367188,-92.99728393554688,-96.01272583007812,-100.5472412109375,-97.94183349609375,-90.8243408203125,-95.0430908203125
141LYS,-89.37637329101562,-91.4329833984375,-71.82229614257812,-93.31591796875,-96.61929321289062,-101.6461486816406,-99.02593994140625,-92.69595336914062,-95.5439453125
141MET,-88.208251953125,-90.77407836914062,-73.70840454101562,-91.92648315429688,-96.67129516601562,-100.6700134277344,-98.38784790039062,-91.59942626953125,-95.52490234375
141PHE,-89.23455810546875,-93.01913452148438,-72.83453369140625,-91.95391845703125,-97.25677490234375,-100.8172912597656,-98.0462646484375,-92.47647094726562,-95.9691162109375
141PRO,-89.22845458984375,-91.12542724609375,-71.61862182617188,-92.64279174804688,-96.3624267578125,-101.3789672851562,-99.143310546875,-92.52456665039062,-95.938232421875
141SER,-89.34359741210938,-91.2657470703125,-72.40567016601562,-92.27688598632812,-96.5089111328125,-101.6669616699219,-98.05813598632812,-92.06173706054688,-95.5938720703125
141THR,-88.74362182617188,-93.061279296875,-72.78778076171875,-93.32928466796875,-97.17364501953125,-101.3401794433594,-99.0025634765625,-92.56304931640625,-95.01864624023438
141TRP,-87.06890869140625,-92.40771484375,-76.230712890625,-92.53570556640625,-97.95050048828125,-100.984130859375,-99.85952758789062,-91.71746826171875,-96.28494262695312
141TYR,-89.248046875,-92.9942626953125,-73.88427734375,-91.961669921875,-96.20208740234375,-100.8210144042969,-98.33151245117188,-91.39703369140625,-95.5760498046875
141VAL,-88.16290283203125,-92.870849609375,-72.30966186523438,-93.40048217773438,-96.57449340820312,-101.7434387207031,-98.39053344726562,-91.59320068359375,-95.25137329101562
142ALA,-87.16714477539062,-88.76983642578125,-73.223388671875,-91.09942626953125,-96.87677001953125,-100.2440795898438,-99.61624145507812,-90.82431030273438,-95.29031372070312
142ARG,-87.65213012695312,-90.66525268554688,-74.09384155273438,-90.74673461914062,-96.91213989257812,-101.0462036132812,-100.3924865722656,-90.96588134765625,-97.08914184570312
142ASN,-87.84292602539062,-90.70550537109375,-74.191162109375,-90.83383178710938,-96.88150024414062,-101.324951171875,-99.82574462890625,-90.47531127929688,-97.06393432617188
142ASP,-87.67135620117188,-90.6873779296875,-74.49209594726562,-92.47640991210938,-97.3780517578125,-100.3041687011719,-100.6577453613281,-91.0474853515625,-96.08779907226562
142CYS,-87.60220336914062,-88.97030639648438,-73.90411376953125,-90.73880004882812,-96.39785766601562,-101.1653747558594,-99.41168212890625,-91.23828125,-97.32650756835938
142GLN,-88.09866333007812,-88.85543823242188,-74.75674438476562,-90.90615844726562,-96.8104248046875,-100.5697937011719,-100.3316345214844,-91.01742553710938,-95.00955200195312
142GLU,-87.10818481445312,-88.83963012695312,-74.35870361328125,-90.7109375,-96.64193725585938,-100.2308349609375,-100.9793701171875,-90.93731689453125,-96.2210693359375
142GLY,-88.341552734375,-89.255859375,-76.01046752929688,-91.94854736328125,-97.11611938476562,-101.4268493652344,-100.3701171875,-91.549560546875,-96.85208129882812
142HIS,-87.3387451171875,-90.43222045898438,-75.76046752929688,-91.1202392578125,-96.19842529296875,-99.61404418945312,-98.80691528320312,-90.65155029296875,-97.13235473632812
142ILE,-87.2227783203125,-90.93182373046875,-73.9307861328125,-91.56039428710938,-96.84027099609375,-100.3157653808594,-100.9053649902344,-90.85379028320312,-95.64007568359375
142LEU,-88.30975341796875,-90.66900634765625,-73.87124633789062,-91.26589965820312,-96.39541625976562,-100.9415893554688,-99.43218994140625,-91.54119873046875,-97.08633422851562
142LYS,-87.29132080078125,-90.59597778320312,-73.93893432617188,-90.86904907226562,-96.397216796875,-100.6489562988281,-98.12985229492188,-90.46224975585938,-95.30258178710938
142MET,-87.2742919921875,-88.96011352539062,-75.71783447265625,-90.90155029296875,-96.74142456054688,-99.62579345703125,-98.6949462890625,-91.22930908203125,-96.85983276367188
142PHE,-87.6268310546875,-90.6590576171875,-73.82559204101562,-91.83737182617188,-96.32501220703125,-100.6601867675781,-101.4931640625,-91.49838256835938,-96.09988403320312
142PRO,-88.20297241210938,-90.71359252929688,-71.84530639648438,-90.24661254882812,-96.73150634765625,-100.55419921875,-100.1509399414062,-90.63494873046875,-96.20672607421875
142SER,-88.58480834960938,-89.37472534179688,-74.66036987304688,-91.6798095703125,-97.15899658203125,-100.8760681152344,-99.20327758789062,-91.87969970703125,-97.13397216796875
142THR,-87.4024658203125,-89.317626953125,-73.92431640625,-91.31973266601562,-96.763427734375,-99.98782348632812,-99.48483276367188,-91.76580810546875,-96.85128784179688
142TRP,-87.55560302734375,-89.67654418945312,-74.68148803710938,-91.4041748046875,-96.6502685546875,-99.667236328125,-98.8472900390625,-90.5235595703125,-96.28073120117188
142TYR,-87.76651000976562,-90.54904174804688,-74.776123046875,-90.70803833007812,-96.3193359375,-100.1948547363281,-99.74029541015625,-91.15762329101562,-94.538330078125
142VAL,-88.0670166015625,-89.26498413085938,-73.90206909179688,-91.99905395507812,-96.61886596679688,-100.7500610351562,-99.21969604492188,-91.39096069335938,-97.21319580078125
143ALA,-87.73184204101562,-89.35943603515625,-75.8880615234375,-91.66525268554688,-96.70755004882812,-100.1690063476562,-98.67242431640625,-91.89794921875,-96.47769165039062
143ARG,-87.99191284179688,-90.49087524414062,-75.96343994140625,-92.19876098632812,-96.90447998046875,-100.2867431640625,-99.04806518554688,-92.04437255859375,-96.74136352539062
143ASN,-87.98391723632812,-89.67364501953125,-75.79995727539062,-91.96566772460938,-96.94564819335938,-100.5247497558594,-99.10696411132812,-91.90390014648438,-96.78085327148438
143ASP,-88.055908203125,-89.69430541992188,-75.38528442382812,-91.98675537109375,-96.9517822265625,-100.3662719726562,-99.14779663085938,-92.26995849609375,-96.88314819335938
143CYS,-87.89523315429688,-91.01470947265625,-75.0899658203125,-91.886962890625,-96.91839599609375,-100.3553466796875,-99.0614013671875,-92.16766357421875,-96.74688720703125
143GLN,-87.82748413085938,-89.53289794921875,-74.439208984375,-91.79071044921875,-96.87265014648438,-100.2048950195312,-98.74114990234375,-91.75448608398438,-96.61953735351562
143GLU,-87.78207397460938,-89.551025390625,-75.26004028320312,-91.74212646484375,-96.9072265625,-100.2611389160156,-98.80859375,-92.00485229492188,-96.65557861328125
143GLY,-88.09591674804688,-89.55917358398438,-75.25997924804688,-91.83914184570312,-96.86215209960938,-101.01953125,-99.08169555664062,-91.75357055664062,-96.5411376953125
143HIS,-87.96646118164062,-89.62945556640625,-75.12957763671875,-91.961181640625,-97.0325927734375,-100.2691040039062,-99.168701171875,-91.90286254882812,-96.83477783203125
143ILE,-87.73953247070312,-89.57305908203125,-75.96484375,-91.61956787109375,-96.63082885742188,-100.0634460449219,-98.67822265625,-92.17135620117188,-96.59963989257812
143LEU,-87.35348510742188,-89.20675659179688,-75.57421875,-91.370361328125,-96.37255859375,-100.0240478515625,-98.47628784179688,-92.13076782226562,-96.52249145507812
143LYS,-87.92178344726562,-89.50283813476562,-75.1812744140625,-91.80206298828125,-96.86874389648438,-100.3867797851562,-99.14471435546875,-91.976806640625,-96.82867431640625
143MET,-87.715576171875,-89.65377807617188,-74.84161376953125,-92.2645263671875,-97.31298828125,-101.1048889160156,-99.38153076171875,-92.41107177734375,-97.23583984375
143PHE,-87.61703491210938,-89.29946899414062,-75.06527709960938,-92.20382690429688,-96.72821044921875,-100.1654357910156,-99.79623413085938,-91.54931640625,-96.46298217773438
143PRO,-88.01461791992188,-89.66836547851562,-75.78201293945312,-92.36917114257812,-96.5972900390625,-100.5201110839844,-99.37765502929688,-91.8721923828125,-96.94290161132812
143SER,-88.02932739257812,-89.69137573242188,-73.53656005859375,-91.85699462890625,-96.90472412109375,-100.5925598144531,-98.76510620117188,-91.83987426757812,-96.64361572265625
143THR,-88.0350341796875,-89.5970458984375,-76.87393188476562,-91.90054321289062,-96.93359375,-100.36669921875,-99.21377563476562,-91.91259765625,-96.75009155273438
143TRP,-87.84109497070312,-89.7176513671875,-75.08517456054688,-92.22158813476562,-96.86105346679688,-100.3067626953125,-99.32553100585938,-92.05935668945312,-96.65780639648438
143TYR,-87.59420776367188,-89.32513427734375,-74.6978759765625,-91.52947998046875,-96.751220703125,-100.0885925292969,-98.58956909179688,-91.97256469726562,-96.40570068359375
143VAL,-87.96389770507812,-89.54388427734375,-76.1304931640625,-92.26544189453125,-97.00985717773438,-100.7794799804688,-99.29757690429688,-92.02880859375,-97.09231567382812
144ALA,-87.78915405273438,-91.95318603515625,-74.25485229492188,-91.4478759765625,-96.328125,-100.5110778808594,-100.6817626953125,-92.6768798828125,-96.08135986328125
144ARG,-87.89801025390625,-92.35073852539062,-74.07217407226562,-92.77450561523438,-96.67022705078125,-98.85336303710938,-100.3860473632812,-92.57846069335938,-96.18740844726562
144ASN,-87.9578857421875,-92.12313842773438,-74.51092529296875,-91.60787963867188,-96.56072998046875,-100.7236022949219,-100.6843566894531,-92.7694091796875,-96.13876342773438
144ASP,-87.86859130859375,-92.39312744140625,-74.45004272460938,-91.64834594726562,-96.59017944335938,-102.1994018554688,-99.19357299804688,-92.53762817382812,-96.35922241210938
144CYS,-87.77716064453125,-91.88870239257812,-74.2960205078125,-91.79025268554688,-96.300048828125,-100.4177856445312,-98.87362670898438,-92.17767333984375,-96.12820434570312
144GLN,-87.64486694335938,-91.9150390625,-74.40374755859375,-91.35186767578125,-96.5142822265625,-100.2620849609375,-98.94744873046875,-92.43887329101562,-100.1808471679688
144GLU,-89.10626220703125,-92.41513061523438,-74.6390380859375,-91.51373291015625,-96.9349365234375,-101.2196350097656,-100.9201965332031,-92.53628540039062,-100.7003784179688
144GLY,-87.48873901367188,-91.83148193359375,-73.62979125976562,-92.12985229492188,-96.15725708007812,-100.2484436035156,-100.4740905761719,-92.12307739257812,-95.98062133789062
144HIS,-87.95379638671875,-92.23883056640625,-73.91943359375,-92.60324096679688,-96.79931640625,-100.7877502441406,-99.39398193359375,-92.67617797851562,-96.7640380859375
144ILE,-87.78912353515625,-91.8870849609375,-74.48721313476562,-91.09088134765625,-96.2587890625,-100.3428649902344,-98.76132202148438,-92.59140014648438,-98.80303955078125
144LEU,-87.6859130859375,-91.84124755859375,-74.296142578125,-91.3319091796875,-96.4322509765625,-100.4252319335938,-98.77593994140625,-92.46475219726562,-99.01486206054688
144LYS,-87.4036865234375,-92.1148681640625,-74.670166015625,-92.28579711914062,-96.43594360351562,-100.4622497558594,-98.39154052734375,-92.53402709960938,-96.16311645507812
144MET,-87.65655517578125,-91.576171875,-74.68936157226562,-91.12847900390625,-96.26919555664062,-100.7993469238281,-98.68191528320312,-92.32815551757812,-99.36642456054688
144PHE,-87.8897705078125,-92.09893798828125,-74.32217407226562,-91.60696411132812,-96.73800659179688,-100.8391723632812,-100.24951171875,-92.64102172851562,-96.4986572265625
144PRO,-87.54403686523438,-90.84295654296875,-73.3585205078125,-92.2633056640625,-95.51544189453125,-99.09982299804688,-98.84780883789062,-91.26358032226562,-95.75897216796875
144SER,-87.91552734375,-92.09423828125,-74.40301513671875,-91.79620361328125,-96.44512939453125,-100.6222534179688,-100.0910339355469,-92.63906860351562,-96.27874755859375
144THR,-87.70599365234375,-91.84893798828125,-74.38787841796875,-91.39047241210938,-96.34442138671875,-100.3955993652344,-98.84036254882812,-92.49630737304688,-96.07720947265625
144TRP,-88.12216186523438,-92.23300170898438,-73.53915405273438,-91.26760864257812,-96.78646850585938,-101.0576171875,-99.21572875976562,-92.64663696289062,-96.58450317382812
144TYR,-88.03289794921875,-92.2578125,-74.06588745117188,-91.7015380859375,-96.68121337890625,-100.6539916992188,-98.9996337890625,-92.80657958984375,-100.3209533691406
144VAL,-86.26605224609375,-90.6015625,-74.34698486328125,-91.48504638671875,-95.23239135742188,-99.09957885742188,-97.254150390625,-92.40374755859375,-95.55783081054688
145ALA,-86.4620361328125,-89.71710205078125,-74.50103759765625,-91.358642578125,-96.47430419921875,-98.95556640625,-99.0390625,-91.32571411132812,-96.11978149414062
145ARG,-86.54177856445312,-91.03561401367188,-75.92254638671875,-93.19009399414062,-98.1737060546875,-100.4589233398438,-99.53329467773438,-91.90554809570312,-98.00192260742188
145ASN,-86.62600708007812,-90.89022827148438,-74.8424072265625,-91.59014892578125,-96.76678466796875,-99.02194213867188,-99.5093994140625,-90.36334228515625,-96.48794555664062
145ASP,-86.57998657226562,-89.9019775390625,-76.86410522460938,-91.6376953125,-96.6348876953125,-99.21743774414062,-99.48291015625,-91.57052612304688,-96.38577270507812
145CYS,-87.98257446289062,-89.4998779296875,-74.41970825195312,-92.06051635742188,-96.80270385742188,-99.07785034179688,-99.63894653320312,-92.15142822265625,-96.77938842773438
145GLN,-88.43853759765625,-89.60400390625,-74.80294799804688,-91.79949951171875,-96.97720336914062,-99.13583374023438,-99.29669189453125,-91.88412475585938,-96.84539794921875
145GLU,-88.38327026367188,-91.1251220703125,-74.65390014648438,-91.81268310546875,-96.91189575195312,-99.06417846679688,-99.58804321289062,-91.91851806640625,-96.79348754882812
145GLY,-86.35812377929688,-90.69625854492188,-74.662353515625,-91.44015502929688,-96.42782592773438,-100.2337951660156,-99.40786743164062,-91.50271606445312,-96.17816162109375
145HIS,-86.86929321289062,-89.96920776367188,-74.82241821289062,-90.74884033203125,-97.14004516601562,-99.42990112304688,-99.86294555664062,-90.92605590820312,-97.29312133789062
145ILE,-86.4593505859375,-89.28549194335938,-74.3553466796875,-90.0157470703125,-96.68521118164062,-98.796630859375,-99.30191040039062,-91.397705078125,-96.80294799804688
145LEU,-87.96417236328125,-90.403564453125,-74.81195068359375,-91.74227905273438,-97.0826416015625,-99.85147094726562,-99.62503051757812,-91.62472534179688,-96.35299682617188
145LYS,-88.20388793945312,-91.18734741210938,-74.75848388671875,-90.59674072265625,-96.88394165039062,-99.09414672851562,-99.49819946289062,-91.7579345703125,-96.87664794921875
145MET,-88.11862182617188,-89.92138671875,-74.71438598632812,-92.23013305664062,-97.09323120117188,-99.21810913085938,-100.1387939453125,-91.640625,-97.11282348632812
145PHE,-87.28073120117188,-90.56478881835938,-75.0255126953125,-91.05703735351562,-98.1624755859375,-99.78579711914062,-101.1384582519531,-90.88693237304688,-95.864990234375
145PRO,-86.28237915039062,-89.46881103515625,-74.18389892578125,-90.33438110351562,-96.22430419921875,-99.0687255859375,-99.21926879882812,-90.19622802734375,-95.89541625976562
145SER,-86.4595947265625,-89.78677368164062,-74.9041748046875,-91.37857055664062,-96.5960693359375,-98.93399047851562,-98.97503662109375,-91.45077514648438,-96.18365478515625
145THR,-88.43072509765625,-89.52197265625,-74.47027587890625,-91.86724853515625,-96.69583129882812,-99.0469970703125,-99.40835571289062,-91.88995361328125,-96.61874389648438
145TRP,-90.76760864257812,-94.03887939453125,-76.35128784179688,-94.67947387695312,-99.74136352539062,-103.3569030761719,-102.4425354003906,-94.71392822265625,-99.78561401367188
145TYR,-87.74417114257812,-90.44149780273438,-74.23809814453125,-90.52362060546875,-97.1468505859375,-99.3333740234375,-100.9258422851562,-91.76443481445312,-96.8406982421875
145VAL,-86.19229125976562,-89.42068481445312,-74.42947387695312,-91.429443359375,-96.2989501953125,-98.93975830078125,-99.08547973632812,-91.48910522460938,-96.24496459960938
146ALA,-86.73190307617188,-90.17913818359375,-71.15176391601562,-90.57110595703125,-95.24185180664062,-99.34857177734375,-97.27273559570312,-90.26220703125,-95.2374267578125
146ARG,-86.5869140625,-90.16311645507812,-71.12423706054688,-90.55392456054688,-95.24285888671875,-99.33416748046875,-97.3331298828125,-90.25247192382812,-95.26205444335938
146ASN,-86.59005737304688,-90.1466064453125,-71.1619873046875,-90.57220458984375,-95.22772216796875,-99.34197998046875,-97.27301025390625,-90.26312255859375,-95.248291015625
146ASP,-86.73431396484375,-90.157958984375,-71.14376831054688,-90.5784912109375,-95.225341796875,-99.3116455078125,-97.67117309570312,-90.27252197265625,-95.2430419921875
146CYS,-86.59027099609375,-90.17739868164062,-71.14166259765625,-90.5755615234375,-95.21881103515625,-99.32174682617188,-97.34286499023438,-90.26943969726562,-95.25857543945312
146GLN,-86.58953857421875,-90.14178466796875,-71.05886840820312,-90.56475830078125,-95.23251342773438,-99.347412109375,-97.3330078125,-90.27511596679688,-95.24331665039062
146GLU,-86.59344482421875,-90.1497802734375,-71.0941162109375,-90.56472778320312,-95.21615600585938,-99.34750366210938,-97.29986572265625,-90.26242065429688,-95.22360229492188
146GLY,-86.42092895507812,-90.14645385742188,-71.09085083007812,-90.60565185546875,-95.25054931640625,-99.34478759765625,-97.70376586914062,-90.255859375,-95.2252197265625
146HIS,-86.58261108398438,-90.1544189453125,-71.19122314453125,-90.57296752929688,-95.23507690429688,-99.32144165039062,-97.3428955078125,-90.2542724609375,-95.27783203125
146ILE,-86.57980346679688,-90.14837646484375,-71.1334228515625,-90.56045532226562,-95.24075317382812,-99.34552001953125,-97.32626342773438,-90.26541137695312,-95.2376708984375
146LEU,-86.59524536132812,-90.1771240234375,-71.1630859375,-90.57431030273438,-95.23471069335938,-99.3536376953125,-97.2919921875,-90.26058959960938,-95.24514770507812
146LYS,-86.77169799804688,-90.15267944335938,-71.17520141601562,-90.57357788085938,-95.19906616210938,-99.31820678710938,-97.27536010742188,-90.2735595703125,-95.31466674804688
146MET,-86.75067138671875,-90.14776611328125,-71.1871337890625,-90.56375122070312,-95.19894409179688,-99.33969116210938,-97.34051513671875,-90.25454711914062,-95.31631469726562
146PHE,-86.40814208984375,-90.13357543945312,-71.15707397460938,-90.57083129882812,-95.23129272460938,-99.33981323242188,-97.37051391601562,-90.25531005859375,-95.31857299804688
146PRO,-86.80059814453125,-90.18179321289062,-71.25006103515625,-90.6353759765625,-95.19161987304688,-99.3787841796875,-97.16958618164062,-90.3665771484375,-95.21685791015625
146SER,-86.76934814453125,-90.17950439453125,-71.0733642578125,-90.60693359375,-95.20233154296875,-99.31546020507812,-97.33944702148438,-90.25274658203125,-95.32745361328125
146THR,-86.5926513671875,-90.18157958984375,-71.16586303710938,-90.58853149414062,-95.2489013671875,-99.32962036132812,-97.37765502929688,-90.25238037109375,-95.27276611328125
146TRP,-86.41876220703125,-90.15765380859375,-71.129638671875,-90.56716918945312,-95.1966552734375,-99.301025390625,-97.39651489257812,-90.25088500976562,-95.24307250976562
146TYR,-86.58865356445312,-90.12710571289062,-71.12680053710938,-90.56219482421875,-95.22750854492188,-99.33517456054688,-97.0904541015625,-90.244140625,-95.32000732421875
146VAL,-86.59811401367188,-90.15298461914062,-71.06240844726562,-90.57681274414062,-95.25137329101562,-99.31903076171875,-97.34661865234375,-90.2584228515625,-95.25787353515625
147ALA,-86.77703857421875,-90.51007080078125,-71.61248779296875,-91.01495361328125,-95.58734130859375,-98.70654296875,-96.42584228515625,-90.66998291015625,-95.814208984375
147ARG,-87.0196533203125,-90.7294921875,-71.59222412109375,-91.19949340820312,-95.77761840820312,-98.88381958007812,-96.61611938476562,-90.76324462890625,-95.88394165039062
147ASN,-86.85943603515625,-90.59133911132812,-71.72189331054688,-91.03964233398438,-95.57073974609375,-98.72134399414062,-96.4544677734375,-90.78787231445312,-95.7547607421875
147ASP,-86.83148193359375,-90.59756469726562,-71.70504760742188,-91.05093383789062,-95.62484741210938,-98.732666015625,-96.45724487304688,-90.62924194335938,-95.78759765625
147CYS,-86.66500854492188,-90.7689208984375,-71.67349243164062,-90.85198974609375,-95.56390380859375,-98.5771484375,-96.593994140625,-90.86611938476562,-95.8621826171875
147GLN,-87.0302734375,-90.78216552734375,-71.67813110351562,-91.2054443359375,-95.71151733398438,-98.87692260742188,-96.60064697265625,-90.802734375,-95.94601440429688
147GLU,-87.17291259765625,-90.70635986328125,-71.61700439453125,-91.24673461914062,-95.76214599609375,-98.874267578125,-96.61758422851562,-90.85345458984375,-95.87527465820312
147GLY,-86.89007568359375,-90.59970092773438,-71.64163208007812,-91.04412841796875,-95.65008544921875,-98.79443359375,-96.53347778320312,-90.7640380859375,-95.87982177734375
147HIS,-86.97103881835938,-90.6851806640625,-71.66336059570312,-91.15386962890625,-95.831787109375,-98.84097290039062,-98.20022583007812,-90.77944946289062,-95.921875
147ILE,-86.92684936523438,-90.8377685546875,-71.63800048828125,-91.27508544921875,-95.76901245117188,-98.87100219726562,-96.65444946289062,-90.99789428710938,-95.93203735351562
147LEU,-87.00653076171875,-90.74200439453125,-72.01376342773438,-91.1715087890625,-95.68093872070312,-98.86505126953125,-96.86236572265625,-90.90713500976562,-96.04150390625
147LYS,-86.980224609375,-90.72274780273438,-71.59213256835938,-90.92758178710938,-95.76358032226562,-98.88479614257812,-98.1617431640625,-90.61569213867188,-95.92929077148438
147MET,-86.93951416015625,-90.51193237304688,-71.64019775390625,-90.8421630859375,-95.70968627929688,-98.42779541015625,-96.51211547851562,-90.87564086914062,-95.68789672851562
147PHE,-87.02145385742188,-90.78958129882812,-71.60702514648438,-91.22628784179688,-95.79397583007812,-98.88232421875,-96.67626953125,-90.91964721679688,-96.04434204101562
147PRO,-87.0732421875,-90.445068359375,-71.63906860351562,-90.89871215820312,-95.48544311523438,-98.59210205078125,-97.73486328125,-90.42611694335938,-95.6337890625
147SER,-86.82049560546875,-90.72567749023438,-71.665771484375,-90.97845458984375,-95.81564331054688,-98.794189453125,-96.56063842773438,-90.86203002929688,-95.94451904296875
147THR,-86.94607543945312,-90.72006225585938,-71.62435913085938,-91.04965209960938,-95.72491455078125,-98.89056396484375,-96.56137084960938,-90.86318969726562,-95.90682983398438
147TRP,-87.20098876953125,-91.49154663085938,-71.9608154296875,-91.0596923828125,-96.20001220703125,-98.46524047851562,-97.07870483398438,-91.739501953125,-96.63156127929688
147TYR,-87.02957153320312,-90.77789306640625,-71.61990356445312,-91.20947265625,-95.75424194335938,-98.8900146484375,-97.97122192382812,-90.90939331054688,-95.84616088867188
147VAL,-87.03201293945312,-90.71597290039062,-71.6796875,-91.23245239257812,-95.80987548828125,-98.88388061523438,-97.95745849609375,-90.86221313476562,-96.00021362304688
148ALA,-89.32321166992188,-92.70474243164062,-72.34304809570312,-93.1483154296875,-95.64346313476562,-101.8500366210938,-98.65908813476562,-93.0919189453125,-100.5960083007812
148ARG,-89.12628173828125,-92.6124267578125,-72.2247314453125,-92.73196411132812,-96.97283935546875,-102.1505126953125,-98.419921875,-93.25369262695312,-97.13253784179688
148ASN,-89.31051635742188,-92.7200927734375,-72.21160888671875,-92.9173583984375,-96.88568115234375,-101.948486328125,-98.70687866210938,-93.08111572265625,-96.67462158203125
148ASP,-89.19390869140625,-92.65496826171875,-72.14108276367188,-91.82177734375,-96.87246704101562,-105.2115783691406,-98.5809326171875,-93.20193481445312,-101.9858703613281
148CYS,-89.32244873046875,-92.67062377929688,-72.14303588867188,-93.1259765625,-97.04376220703125,-101.921875,-98.54388427734375,-93.28323364257812,-96.63983154296875
148GLN,-89.20651245117188,-92.65350341796875,-72.2349853515625,-93.09136962890625,-96.96707153320312,-102.1926879882812,-98.74691772460938,-93.27169799804688,-97.08047485351562
148GLU,-89.09100341796875,-92.668212890625,-72.2623291015625,-92.99978637695312,-96.98257446289062,-101.989990234375,-98.64151000976562,-93.09085083007812,-102.0533752441406
148GLY,-89.07473754882812,-92.41421508789062,-72.23678588867188,-93.00439453125,-97.03042602539062,-101.8623046875,-98.69708251953125,-93.22323608398438,-96.76788330078125
148HIS,-89.31295776367188,-92.28701782226562,-72.2025146484375,-93.1988525390625,-96.7279052734375,-101.5944213867188,-98.5718994140625,-93.06158447265625,-96.72927856445312
148ILE,-89.30136108398438,-92.51077270507812,-72.66854858398438,-91.81390380859375,-96.36965942382812,-102.0192565917969,-98.92269897460938,-93.14205932617188,-98.21139526367188
148LEU,-89.6328125,-92.42837524414062,-72.21194458007812,-92.66082763671875,-96.86074829101562,-101.5403137207031,-98.63552856445312,-93.06600952148438,-100.7315673828125
148LYS,-89.12631225585938,-92.6514892578125,-72.1663818359375,-93.1055908203125,-97.09042358398438,-102.2976684570312,-98.72357177734375,-93.01776123046875,-96.68728637695312
148MET,-89.196533203125,-92.56094360351562,-72.16558837890625,-92.76516723632812,-96.84671020507812,-101.5488891601562,-98.49066162109375,-92.9755859375,-100.5468139648438
148PHE,-89.22360229492188,-92.23123168945312,-72.12432861328125,-92.8695068359375,-96.87509155273438,-101.4556579589844,-98.71435546875,-93.28640747070312,-97.14532470703125
148PRO,-89.2210693359375,-92.7515869140625,-72.37857055664062,-93.13107299804688,-97.1912841796875,-102.4323425292969,-99.343505859375,-93.14990234375,-100.4397277832031
148SER,-89.37893676757812,-92.7783203125,-72.4930419921875,-93.0980224609375,-95.69573974609375,-101.8791198730469,-98.845458984375,-93.2984619140625,-96.98916625976562
148THR,-89.34991455078125,-92.76516723632812,-72.48721313476562,-93.1390380859375,-97.12164306640625,-102.308837890625,-98.64700317382812,-93.27725219726562,-97.23184204101562
148TRP,-89.41488647460938,-92.56906127929688,-72.13800048828125,-92.855712890625,-96.96893310546875,-101.7215270996094,-98.61544799804688,-92.93374633789062,-100.5618896484375
148TYR,-88.79861450195312,-92.53485107421875,-72.06988525390625,-92.4693603515625,-96.92730712890625,-101.5198364257812,-98.58184814453125,-93.21566772460938,-97.49508666992188
148VAL,-89.77645874023438,-92.8123779296875,-72.91201782226562,-92.36468505859375,-96.6392822265625,-102.24853515625,-99.1087646484375,-93.44586181640625,-98.100341796875
149ALA,-94.64834594726562,-94.88461303710938,-73.6473388671875,-95.73138427734375,-105.2841796875,-106.6604309082031,-102.3782348632812,-99.11172485351562,-100.1373291015625
149ARG,-98.664306640625,-102.0663757324219,-73.59768676757812,-103.5520324707031,-104.2091064453125,-105.1610412597656,-101.2768249511719,-101.8423767089844,-105.1981811523438
149ASN,-94.85598754882812,-94.69680786132812,-78.41943359375,-95.3250732421875,-103.0235290527344,-106.2179260253906,-105.9686889648438,-98.83505249023438,-97.13616943359375
149ASP,-91.873779296875,-95.34619140625,-75.92880249023438,-95.9732666015625,-104.5502624511719,-105.8712768554688,-105.2403869628906,-96.37884521484375,-99.34268188476562
149CYS,-95.58114624023438,-94.603759765625,-75.60769653320312,-97.05624389648438,-109.9776611328125,-106.8028259277344,-102.3150634765625,-99.81976318359375,-99.29669189453125
149GLN,-95.61044311523438,-102.1542358398438,-76.47238159179688,-102.7936401367188,-102.5720825195312,-105.58447265625,-101.316650390625,-102.9332275390625,-105.8802185058594
149GLU,-95.09011840820312,-95.910888671875,-81.368896484375,-96.40194702148438,-102.9378356933594,-104.5721740722656,-105.7647399902344,-96.6751708984375,-97.55035400390625
149GLY,-92.44903564453125,-95.67401123046875,-74.22677612304688,-96.06588745117188,-103.9537963867188,-103.7710571289062,-105.1918029785156,-96.6834716796875,-97.14987182617188
149HIS,-96.39498901367188,-102.1237182617188,-78.13983154296875,-99.4366455078125,-104.4476013183594,-107.8696594238281,-107.3260803222656,-100.7277526855469,-104.2951965332031
149ILE,-95.26504516601562,-99.34188842773438,-79.3583984375,-99.93270874023438,-102.4045104980469,-107.445068359375,-102.4923400878906,-97.993896484375,-101.4299926757812
149LEU,-97.76876831054688,-100.9140625,-76.41921997070312,-101.7865905761719,-105.8832092285156,-109.1338806152344,-106.1885375976562,-101.7451171875,-103.1123962402344
149LYS,-96.24697875976562,-96.99853515625,-76.23736572265625,-100.1542053222656,-103.6651916503906,-107.19580078125,-102.6735229492188,-99.71820068359375,-103.5796813964844
149MET,-95.83596801757812,-102.4205017089844,-81.02200317382812,-102.9933471679688,-107.2723083496094,-110.4051208496094,-105.2702026367188,-103.2111511230469,-104.26220703125
149PHE,-99.54049682617188,-102.9541625976562,-82.003173828125,-101.8475341796875,-107.6797790527344,-110.9061279296875,-104.74609375,-102.396240234375,-103.1422424316406
149PRO,-94.40487670898438,-95.5308837890625,-75.7738037109375,-94.91259765625,-102.3934936523438,-105.9254760742188,-103.087890625,-98.55868530273438,-98.188232421875
149SER,-92.24398803710938,-95.58697509765625,-74.85186767578125,-96.12765502929688,-101.9505920410156,-104.2705078125,-104.9302978515625,-96.65866088867188,-97.24966430664062
149THR,-94.8682861328125,-94.88082885742188,-75.72686767578125,-95.69549560546875,-103.1936645507812,-104.77197265625,-105.5971984863281,-95.98919677734375,-99.7952880859375
149TRP,-97.9583740234375,-101.2011413574219,-79.09536743164062,-101.9443054199219,-106.1437377929688,-109.7752990722656,-103.9051513671875,-102.1791381835938,-102.8396911621094
149TYR,-97.99172973632812,-104.3780822753906,-78.23489379882812,-101.9970703125,-105.6008605957031,-110.8036499023438,-104.4798889160156,-105.1845703125,-103.2980346679688
149VAL,-98.03399658203125,-99.20217895507812,-76.7900390625,-102.0016784667969,-102.0283813476562,-107.2830200195312,-101.1988830566406,-100.0429992675781,-98.50604248046875
150ALA,-92.01910400390625,-96.31802368164062,-79.58193969726562,-97.771484375,-102.9336242675781,-107.3398742675781,-102.0953979492188,-92.6007080078125,-98.64321899414062
150ARG,-91.216064453125,-93.9390869140625,-76.38101196289062,-94.5823974609375,-100.6637878417969,-103.8582153320312,-101.5281066894531,-92.75335693359375,-99.11294555664062
150ASN,-89.22406005859375,-96.24777221679688,-78.49368286132812,-96.547119140625,-102.2201232910156,-102.4330749511719,-101.5917053222656,-95.80419921875,-100.0509033203125
150ASP,-91.11083984375,-95.744384765625,-78.73513793945312,-98.44482421875,-102.9324035644531,-106.8135986328125,-102.0242919921875,-93.55703735351562,-98.37332153320312
150CYS,-89.85684204101562,-97.78903198242188,-78.186767578125,-96.356201171875,-103.5726623535156,-105.8314514160156,-102.1866149902344,-96.47235107421875,-102.9227294921875
150GLN,-89.467041015625,-96.20889282226562,-78.62103271484375,-96.63882446289062,-101.8592224121094,-102.2897033691406,-99.769287109375,-95.15350341796875,-102.450927734375
150GLU,-87.98764038085938,-97.78921508789062,-76.4071044921875,-96.5885009765625,-103.5061950683594,-104.5755310058594,-101.0746765136719,-93.21697998046875,-103.3822937011719
150GLY,-93.05499267578125,-93.36679077148438,-80.12030029296875,-96.2000732421875,-102.5374145507812,-104.5370788574219,-101.4566345214844,-94.51837158203125,-105.2050476074219
150HIS,-87.07559204101562,-95.71456909179688,-78.0142822265625,-93.09738159179688,-102.513916015625,-105.0459899902344,-102.0082702636719,-93.89239501953125,-102.2710266113281
150ILE,-89.85296630859375,-92.92642211914062,-77.00244140625,-93.18002319335938,-100.587646484375,-105.0025939941406,-101.1897888183594,-94.5157470703125,-98.94012451171875
150LEU,-89.7357177734375,-92.15682983398438,-78.12716674804688,-96.81338500976562,-103.6630859375,-102.1589050292969,-102.0471801757812,-93.1966552734375,-102.647216796875
150LYS,-90.28591918945312,-95.35406494140625,-76.54501342773438,-96.21044921875,-101.2400207519531,-104.173828125,-99.35476684570312,-94.119140625,-98.71304321289062
150MET,-89.32882690429688,-93.22967529296875,-79.72698974609375,-97.64077758789062,-103.3204956054688,-106.0195617675781,-101.3511352539062,-94.99346923828125,-101.1394958496094
150PHE,-88.09503173828125,-90.46719360351562,-78.4581298828125,-91.13467407226562,-99.2193603515625,-99.7322998046875,-100.0262451171875,-92.539306640625,-100.3650817871094
150PRO,-81.276123046875,-86.5718994140625,-72.98919677734375,-85.87020874023438,-93.25723266601562,-95.61569213867188,-94.63510131835938,-86.57693481445312,-86.48635864257812
150SER,-88.76251220703125,-96.15869140625,-78.35678100585938,-92.81649780273438,-102.7379150390625,-102.1170349121094,-102.4365844726562,-93.49099731445312,-102.4468688964844
150THR,-90.3072509765625,-97.55288696289062,-76.14236450195312,-97.44613647460938,-103.2301025390625,-105.5736999511719,-101.0204467773438,-94.73391723632812,-105.2060852050781
150TRP,-88.56655883789062,-90.7698974609375,-83.60635375976562,-92.08078002929688,-99.16799926757812,-99.23855590820312,-98.98046875,-92.09896850585938,-99.37103271484375
150TYR,-87.66000366210938,-90.55337524414062,-78.44802856445312,-90.96038818359375,-98.44903564453125,-99.67022705078125,-98.53933715820312,-91.39956665039062,-93.90121459960938
150VAL,-88.83517456054688,-92.63119506835938,-76.44705200195312,-94.60873413085938,-100.0909423828125,-102.5587768554688,-100.9141235351562,-93.92718505859375,-102.2434387207031
151ALA,-86.772216796875,-86.73800659179688,-75.52615356445312,-90.17071533203125,-94.366455078125,-97.83255004882812,-99.32852172851562,-89.90200805664062,-92.53842163085938
151ARG,-86.9534912109375,-87.17929077148438,-75.26669311523438,-90.26223754882812,-97.7034912109375,-97.91354370117188,-100.6214294433594,-90.09857177734375,-95.71014404296875
151ASN,-86.49234008789062,-89.44805908203125,-75.62142944335938,-90.83480834960938,-95.52285766601562,-98.84039306640625,-97.31524658203125,-90.41717529296875,-94.77767944335938
151ASP,-85.34384155273438,-89.70132446289062,-74.77804565429688,-88.22427368164062,-94.51669311523438,-97.02969360351562,-96.87954711914062,-88.9114990234375,-93.2906494140625
151CYS,-87.72296142578125,-88.8447265625,-75.63742065429688,-90.64328002929688,-95.41848754882812,-99.00289916992188,-98.98861694335938,-91.91519165039062,-96.07821655273438
151GLN,-86.10665893554688,-86.53366088867188,-80.44723510742188,-88.51043701171875,-93.81399536132812,-97.76303100585938,-97.49655151367188,-88.36691284179688,-93.477294921875
151GLU,-85.83761596679688,-87.64834594726562,-76.25186157226562,-90.70733642578125,-94.3890380859375,-99.30862426757812,-97.501708984375,-88.85797119140625,-93.6461181640625
151GLY,-85.11236572265625,-86.45095825195312,-75.22332763671875,-89.0643310546875,-95.26583862304688,-98.03921508789062,-98.07296752929688,-88.76223754882812,-93.55709838867188
151HIS,-87.4603271484375,-87.424560546875,-76.4783935546875,-91.18673706054688,-97.3897705078125,-97.12094116210938,-99.728759765625,-91.06838989257812,-95.51141357421875
151ILE,-87.43817138671875,-88.49261474609375,-78.48388671875,-91.73870849609375,-96.58056640625,-100.0895080566406,-97.60855102539062,-91.30215454101562,-95.82815551757812
151LEU,-88.91122436523438,-89.71487426757812,-77.52215576171875,-92.73629760742188,-98.68807983398438,-101.1573791503906,-101.2109985351562,-92.6275634765625,-99.00784301757812
151LYS,-86.32421875,-86.94378662109375,-76.39617919921875,-89.99807739257812,-97.52786254882812,-97.79556274414062,-99.212890625,-88.8359375,-94.41696166992188
151MET,-89.5242919921875,-92.63894653320312,-77.92193603515625,-93.4437255859375,-101.6240234375,-103.2471618652344,-103.1270751953125,-91.9288330078125,-103.8014526367188
151PHE,-90.69168090820312,-89.12197875976562,-77.72296142578125,-89.69192504882812,-99.16387939453125,-99.6751708984375,-102.1488647460938,-94.42758178710938,-97.77557373046875
151PRO,-84.96994018554688,-87.06582641601562,-76.3336181640625,-88.61444091796875,-96.03262329101562,-97.06124877929688,-97.08609008789062,-89.71517944335938,-94.9239501953125
151SER,-85.65252685546875,-88.53518676757812,-75.6953125,-89.46389770507812,-95.8260498046875,-98.85260009765625,-98.9298095703125,-89.61953735351562,-92.59686279296875
151THR,-87.15548706054688,-87.9766845703125,-79.11264038085938,-91.28793334960938,-96.41009521484375,-98.85433959960938,-99.3563232421875,-91.02676391601562,-93.7215576171875
151TRP,-92.21109008789062,-93.80795288085938,-77.05026245117188,-96.940673828125,-100.8580932617188,-104.3748779296875,-105.2390747070312,-95.69952392578125,-99.58367919921875
151TYR,-86.9765625,-88.01177978515625,-75.504638671875,-92.51226806640625,-97.85189819335938,-102.8492431640625,-100.4971008300781,-92.19906616210938,-95.3260498046875
151VAL,-86.53662109375,-88.43545532226562,-78.84902954101562,-91.788818359375,-96.10882568359375,-99.7745361328125,-98.83822631835938,-90.28012084960938,-95.89605712890625
152ALA,-91.63723754882812,-94.41592407226562,-81.06564331054688,-98.32000732421875,-101.4665832519531,-102.75244140625,-107.021484375,-95.47802734375,-100.6256713867188
152ARG,-90.74465942382812,-92.64862060546875,-80.18328857421875,-98.31619262695312,-100.5720520019531,-105.9880065917969,-102.8600463867188,-97.2657470703125,-100.7603149414062
152ASN,-87.39389038085938,-89.3699951171875,-78.21954345703125,-94.17001342773438,-100.7026977539062,-100.9114074707031,-103.9322204589844,-97.21047973632812,-101.8917846679688
152ASP,-90.82516479492188,-92.58038330078125,-79.90750122070312,-94.4931640625,-100.4673767089844,-105.651123046875,-103.1187438964844,-96.7904052734375,-104.290283203125
152CYS,-91.82705688476562,-93.55581665039062,-82.100830078125,-97.77487182617188,-101.3595886230469,-107.45458984375,-104.6692810058594,-96.055908203125,-104.2527465820312
152GLN,-91.45559692382812,-97.20184326171875,-80.91265869140625,-98.03903198242188,-101.1294860839844,-106.4482421875,-105.5592346191406,-95.49365234375,-101.9716796875
152GLU,-91.83331298828125,-93.12472534179688,-81.95578002929688,-98.25051879882812,-102.7644958496094,-104.165771484375,-107.1518859863281,-98.15597534179688,-101.7521667480469
152GLY,-90.39871215820312,-92.12066650390625,-78.28228759765625,-93.41046142578125,-97.6011962890625,-102.0743408203125,-101.7788696289062,-93.77383422851562,-102.8510437011719
152HIS,-93.60153198242188,-91.10870361328125,-81.90304565429688,-97.41268920898438,-101.5474548339844,-101.8631896972656,-104.8392639160156,-96.7696533203125,-100.7850341796875
152ILE,-91.47305297851562,-93.8353271484375,-80.79034423828125,-95.93624877929688,-99.25143432617188,-100.9523010253906,-102.7849426269531,-95.02835083007812,-105.8619079589844
152LEU,-95.325927734375,-97.9322509765625,-81.9937744140625,-99.44546508789062,-102.5249633789062,-102.4812622070312,-104.0987548828125,-98.71426391601562,-104.3457946777344
152LYS,-87.93740844726562,-97.05294799804688,-79.68588256835938,-97.5604248046875,-100.6446228027344,-106.3231506347656,-103.2586975097656,-95.44927978515625,-102.8790588378906
152MET,-89.37136840820312,-95.07455444335938,-79.72409057617188,-96.33074951171875,-102.63134765625,-102.3284301757812,-106.8833618164062,-92.78549194335938,-102.1554260253906
152PHE,-90.422607421875,-96.4085693359375,-82.39776611328125,-93.76986694335938,-101.5639953613281,-102.3402099609375,-106.8297424316406,-93.82778930664062,-103.6056823730469
152PRO,-84.76446533203125,-87.536376953125,-71.50103759765625,-85.8270263671875,-92.99813842773438,-98.6920166015625,-95.53012084960938,-90.18408203125,-98.23263549804688
152SER,-92.90997314453125,-91.62158203125,-76.8143310546875,-96.52456665039062,-100.5794982910156,-105.0248413085938,-100.9284057617188,-96.588623046875,-103.0480346679688
152THR,-91.5146484375,-94.8272705078125,-80.83206176757812,-94.37985229492188,-98.0435791015625,-105.8938293457031,-101.3541870117188,-94.23959350585938,-103.3644714355469
152TRP,-95.63357543945312,-97.154052734375,-80.09912109375,-99.52117919921875,-102.5629577636719,-103.1251525878906,-105.0252685546875,-99.18508911132812,-104.0136413574219
152TYR,-94.843994140625,-97.46755981445312,-82.27279663085938,-98.66842651367188,-101.6744995117188,-104.6200256347656,-105.8691711425781,-98.48431396484375,-103.6039733886719
152VAL,-91.9825439453125,-94.94921875,-79.850341796875,-98.37466430664062,-101.4403991699219,-106.9354553222656,-103.7846984863281,-95.74868774414062,-103.7522888183594
153ALA,-90.42312622070312,-92.63983154296875,-79.384033203125,-95.28155517578125,-99.53622436523438,-103.0188293457031,-99.90005493164062,-94.92449951171875,-96.46612548828125
153ARG,-90.9442138671875,-91.07888793945312,-80.07608032226562,-95.820556640625,-97.5213623046875,-103.7236328125,-100.7621765136719,-95.09152221679688,-98.32098388671875
153ASN,-91.09735107421875,-94.44534301757812,-79.22543334960938,-95.12741088867188,-99.37045288085938,-103.388916015625,-102.0982666015625,-94.23153686523438,-97.38369750976562
153ASP,-90.41055297851562,-94.24502563476562,-78.61700439453125,-92.38534545898438,-98.77151489257812,-103.1043395996094,-101.9803466796875,-93.45584106445312,-97.10635375976562
153CYS,-91.50973510742188,-92.92190551757812,-78.94091796875,-95.95077514648438,-98.70220947265625,-104.5036926269531,-101.785888671875,-95.27847290039062,-96.98834228515625
153GLN,-91.257568359375,-93.91009521484375,-76.54022216796875,-95.08938598632812,-100.9138488769531,-103.6312866210938,-101.4132690429688,-94.48193359375,-96.20867919921875
153GLU,-91.45150756835938,-94.70870971679688,-79.15179443359375,-95.31948852539062,-100.5408325195312,-103.8589477539062,-101.8265686035156,-94.98724365234375,-96.32296752929688
153GLY,-90.69137573242188,-94.54220581054688,-76.76870727539062,-94.855712890625,-99.1065673828125,-103.0196228027344,-102.202880859375,-94.82052612304688,-97.5054931640625
153HIS,-89.853515625,-94.2471923828125,-81.20916748046875,-93.8988037109375,-98.3697509765625,-102.6947021484375,-99.77774047851562,-94.22674560546875,-94.6009521484375
153ILE,-91.81729125976562,-95.10821533203125,-79.53048706054688,-96.52761840820312,-100.298583984375,-104.3786926269531,-101.3428955078125,-95.87246704101562,-97.78189086914062
153LEU,-90.80776977539062,-93.48098754882812,-80.4083251953125,-94.65933227539062,-99.23410034179688,-103.3879699707031,-101.2089538574219,-95.14178466796875,-97.2210693359375
153LYS,-90.54501342773438,-95.09063720703125,-77.60037231445312,-95.5057373046875,-99.2293701171875,-103.6170349121094,-100.1476745605469,-94.71697998046875,-96.510009765625
153MET,-93.333984375,-92.91641235351562,-77.67581176757812,-98.240966796875,-100.616455078125,-104.6120300292969,-102.865478515625,-97.39447021484375,-96.02749633789062
153PHE,-91.06393432617188,-95.81558227539062,-83.07925415039062,-96.66891479492188,-98.23043823242188,-105.3493957519531,-100.4918823242188,-95.35107421875,-96.3427734375
153PRO,-91.83828735351562,-92.64324951171875,-79.45840454101562,-96.24368286132812,-98.15414428710938,-104.0767211914062,-99.68902587890625,-95.55136108398438,-97.45123291015625
153SER,-90.01071166992188,-93.94631958007812,-79.90093994140625,-92.158447265625,-98.73126220703125,-102.8830261230469,-99.8765869140625,-94.8477783203125,-95.369384765625
153THR,-91.46493530273438,-94.59683227539062,-76.19281005859375,-95.700927734375,-97.47103881835938,-104.4353637695312,-100.6173095703125,-95.00051879882812,-97.16217041015625
153TRP,-94.48074340820312,-96.81024169921875,-82.71539306640625,-97.92111206054688,-99.6607666015625,-107.4059753417969,-103.35009765625,-97.416015625,-102.639892578125
153TYR,-91.53704833984375,-94.54562377929688,-80.032958984375,-96.21759033203125,-97.27310180664062,-104.2109069824219,-99.46856689453125,-96.6593017578125,-97.59063720703125
153VAL,-92.16049194335938,-95.28656005859375,-79.77352905273438,-96.46090698242188,-98.93148803710938,-103.5562133789062,-102.4502868652344,-95.79916381835938,-97.12832641601562
154ALA,-93.42916870117188,-94.05508422851562,-78.1805419921875,-98.98907470703125,-101.3633422851562,-105.3139038085938,-104.4209289550781,-97.96633911132812,-99.51312255859375
154ARG,-93.2286376953125,-95.61544799804688,-76.7877197265625,-99.35650634765625,-101.771728515625,-103.0521545410156,-104.0007934570312,-98.53646850585938,-99.11444091796875
154ASN,-92.73388671875,-92.07974243164062,-75.24563598632812,-97.38458251953125,-100.432373046875,-104.7927551269531,-99.94284057617188,-97.18017578125,-98.27395629882812
154ASP,-95.24212646484375,-95.78189086914062,-70.04052734375,-101.1461791992188,-100.2477416992188,-108.628662109375,-102.9970092773438,-101.4598388671875,-98.04974365234375
154CYS,-92.58773803710938,-96.668701171875,-75.405029296875,-97.46514892578125,-100.9228820800781,-104.9581298828125,-104.0459289550781,-96.84793090820312,-97.99755859375
154GLN,-93.1724853515625,-93.52951049804688,-75.18673706054688,-97.82919311523438,-101.4476318359375,-104.9594116210938,-106.1170654296875,-97.232177734375,-98.03021240234375
154GLU,-93.43832397460938,-96.49005126953125,-70.07696533203125,-100.3993225097656,-100.5159912109375,-103.5545959472656,-104.4118957519531,-97.36801147460938,-103.7611999511719
154GLY,-92.3541259765625,-96.86300659179688,-76.6126708984375,-98.10040283203125,-102.0615539550781,-106.6087341308594,-104.5626525878906,-96.11270141601562,-100.4819030761719
154HIS,-93.29052734375,-97.26788330078125,-71.91229248046875,-97.62826538085938,-101.1030578613281,-103.8596801757812,-104.2930908203125,-97.51959228515625,-100.9383850097656
154ILE,-94.27578735351562,-99.38632202148438,-72.95425415039062,-97.849609375,-101.1002502441406,-103.9542541503906,-105.6936950683594,-98.3336181640625,-102.2598266601562
154LEU,-93.41455078125,-93.04486083984375,-71.4239501953125,-97.67486572265625,-100.8985900878906,-103.760009765625,-104.7407836914062,-98.61724853515625,-103.0441284179688
154LYS,-93.14389038085938,-93.25482177734375,-71.30307006835938,-99.39190673828125,-101.8304443359375,-103.0111389160156,-105.3203735351562,-98.05325317382812,-98.97671508789062
154MET,-93.22915649414062,-94.81838989257812,-74.91397094726562,-97.42306518554688,-101.314208984375,-102.7396240234375,-100.7989501953125,-98.80584716796875,-97.83798217773438
154PHE,-93.06353759765625,-93.53863525390625,-71.70559692382812,-97.25204467773438,-100.5017395019531,-105.3970642089844,-106.7380981445312,-96.41778564453125,-100.1871337890625
154PRO,-91.30950927734375,-89.29327392578125,-76.20773315429688,-95.54965209960938,-98.15127563476562,-101.5241394042969,-100.93212890625,-94.857666015625,-99.206787109375
154SER,-93.30178833007812,-97.00311279296875,-71.1796875,-97.08984375,-99.72967529296875,-104.1087341308594,-103.9340515136719,-96.66708374023438,-97.57247924804688
154THR,-93.5313720703125,-95.718017578125,-73.70462036132812,-97.31253051757812,-100.9014587402344,-103.804443359375,-99.96322631835938,-97.5948486328125,-97.81344604492188
154TRP,-96.04080200195312,-93.29873657226562,-75.72506713867188,-98.26956176757812,-103.8751831054688,-103.9472045898438,-100.8797912597656,-100.8334045410156,-100.2741394042969
154TYR,-93.31729125976562,-97.17486572265625,-74.72756958007812,-98.17169189453125,-101.8269958496094,-104.8318176269531,-101.0846252441406,-98.43157958984375,-100.993408203125
154VAL,-93.6707763671875,-95.8082275390625,-73.47677612304688,-97.96328735351562,-101.2892761230469,-103.224853515625,-104.5970153808594,-98.57608032226562,-104.3594665527344
155ALA,-90.4267578125,-99.44674682617188,-82.9759521484375,-94.90692138671875,-101.2686462402344,-106.4794921875,-102.4096984863281,-94.43450927734375,-100.3984680175781
155ARG,-89.74612426757812,-102.8283081054688,-87.29177856445312,-94.75198364257812,-103.40283203125,-104.3748168945312,-101.788330078125,-94.0675048828125,-102.0288391113281
155ASN,-91.88824462890625,-100.2359313964844,-83.4290771484375,-96.70794677734375,-97.69320678710938,-104.4381408691406,-101.8961791992188,-93.7919921875,-98.97134399414062
155ASP,-90.67630004882812,-97.37384033203125,-86.18301391601562,-95.57159423828125,-97.60787963867188,-101.3859252929688,-102.4446716308594,-95.00912475585938,-101.3836364746094
155CYS,-91.42678833007812,-101.9111022949219,-87.29730224609375,-95.10604858398438,-100.6135559082031,-106.1463928222656,-103.0630798339844,-95.53335571289062,-101.9566040039062
155GLN,-90.13217163085938,-96.89187622070312,-83.1583251953125,-94.8839111328125,-103.7047729492188,-106.71875,-101.4263916015625,-94.41653442382812,-100.6216735839844
155GLU,-90.06100463867188,-96.71133422851562,-81.40145874023438,-95.11920166015625,-98.70440673828125,-106.0690612792969,-102.8185119628906,-94.516357421875,-99.70828247070312
155GLY,-89.24722290039062,-96.18576049804688,-83.40939331054688,-94.250732421875,-100.7278747558594,-102.4061279296875,-101.7762451171875,-94.0875244140625,-99.88290405273438
155HIS,-90.26577758789062,-96.73611450195312,-82.39312744140625,-96.1336669921875,-101.5347290039062,-105.0228271484375,-102.3903503417969,-94.66964721679688,-102.718017578125
155ILE,-89.71112060546875,-99.3026123046875,-82.28204345703125,-94.9400634765625,-100.9180908203125,-101.0302429199219,-103.3163757324219,-93.77944946289062,-100.4163513183594
155LEU,-90.2069091796875,-97.0413818359375,-86.31167602539062,-94.84561157226562,-102.511962890625,-101.2855834960938,-103.031005859375,-95.53817749023438,-101.666015625
155LYS,-91.29681396484375,-96.97576904296875,-84.85415649414062,-95.742431640625,-98.38262939453125,-101.0580139160156,-101.6980895996094,-95.01193237304688,-99.7227783203125
155MET,-90.75311279296875,-99.01950073242188,-83.2608642578125,-95.7728271484375,-102.4167785644531,-104.5208129882812,-102.8694458007812,-93.7523193359375,-99.29507446289062
155PHE,-90.21597290039062,-96.97030639648438,-84.51577758789062,-94.8870849609375,-101.7291870117188,-105.4661254882812,-102.5323791503906,-94.58981323242188,-100.3014221191406
155PRO,-90.55950927734375,-100.6891479492188,-82.76278686523438,-93.47030639648438,-98.14889526367188,-100.8153381347656,-101.3147888183594,-95.48501586914062,-100.8912963867188
155SER,-90.923095703125,-97.58819580078125,-81.96090698242188,-95.890625,-101.8823547363281,-105.5582885742188,-103.5654296875,-95.39376831054688,-101.7099914550781
155THR,-92.07080078125,-100.9875793457031,-81.93765258789062,-96.76580810546875,-100.6771850585938,-105.0687561035156,-103.5369873046875,-96.3402099609375,-103.3126220703125
155TRP,-91.43649291992188,-96.56936645507812,-84.59298706054688,-96.38253784179688,-100.9859008789062,-102.71142578125,-102.540283203125,-93.91754150390625,-103.5147705078125
155TYR,-90.21896362304688,-98.78030395507812,-85.92855834960938,-95.47018432617188,-101.5813903808594,-105.9931640625,-102.8797912597656,-94.93850708007812,-101.0438842773438
155VAL,-90.48931884765625,-99.784912109375,-82.05215454101562,-96.03057861328125,-99.80819702148438,-104.6061706542969,-103.5206298828125,-94.47427368164062,-102.170654296875
156ALA,-91.99713134765625,-97.5982666015625,-84.36087036132812,-96.83074951171875,-105.7150573730469,-107.0846557617188,-103.2571105957031,-95.77130126953125,-103.3400573730469
156ARG,-92.56109619140625,-97.356689453125,-86.3739013671875,-96.56710815429688,-104.4028625488281,-108.8453369140625,-101.3622131347656,-96.57211303710938,-105.4138793945312
156ASN,-92.52890014648438,-96.74728393554688,-82.32781982421875,-96.07583618164062,-104.6172790527344,-108.5345153808594,-101.1683654785156,-93.78237915039062,-102.4150390625
156ASP,-91.94064331054688,-97.02224731445312,-83.75482177734375,-96.80865478515625,-105.9616394042969,-105.5077514648438,-102.6935729980469,-96.37936401367188,-102.0899353027344
156CYS,-92.72586059570312,-97.44613647460938,-85.76181030273438,-96.52130126953125,-105.4370727539062,-106.0115966796875,-104.0050048828125,-96.86740112304688,-102.1089172363281
156GLN,-92.34698486328125,-93.70736694335938,-83.41818237304688,-96.56475830078125,-104.6244812011719,-108.6986389160156,-103.0597839355469,-96.498291015625,-102.2911682128906
156GLU,-92.5877685546875,-96.47305297851562,-83.20907592773438,-95.99575805664062,-105.014892578125,-108.5819091796875,-104.1754150390625,-96.51858520507812,-101.8675537109375
156GLY,-91.8017578125,-93.24163818359375,-83.0771484375,-96.3717041015625,-104.8699035644531,-109.0878601074219,-101.7582702636719,-96.0257568359375,-102.3514709472656
156HIS,-92.49041748046875,-97.82772827148438,-83.6702880859375,-97.102294921875,-105.38671875,-107.5743103027344,-104.44287109375,-97.16165161132812,-105.2645263671875
156ILE,-91.74139404296875,-96.66903686523438,-82.47525024414062,-96.39297485351562,-105.0469665527344,-109.137451171875,-103.626708984375,-95.87149047851562,-105.78076171875
156LEU,-92.76937866210938,-97.44879150390625,-81.048583984375,-97.18719482421875,-105.2976989746094,-105.849853515625,-104.1687927246094,-96.64932250976562,-102.2023315429688
156LYS,-92.76773071289062,-97.58914184570312,-86.15042114257812,-96.77633666992188,-104.6676330566406,-106.1837158203125,-103.1542358398438,-96.98089599609375,-102.2748107910156
156MET,-92.65264892578125,-97.51004028320312,-83.07974243164062,-96.52200317382812,-105.3608093261719,-109.4576110839844,-104.1009216308594,-96.92694091796875,-102.0553894042969
156PHE,-92.34814453125,-96.45086669921875,-82.84085083007812,-96.20782470703125,-105.1673889160156,-109.1456909179688,-103.3277282714844,-96.612548828125,-104.5665588378906
156PRO,-90.42352294921875,-95.349609375,-80.82003784179688,-96.04946899414062,-100.9649353027344,-101.8580017089844,-101.2129211425781,-94.45736694335938,-99.64431762695312
156SER,-92.24398803710938,-97.23992919921875,-82.9805908203125,-96.48779296875,-105.0566711425781,-106.0741577148438,-103.8303833007812,-96.62225341796875,-102.3348693847656
156THR,-92.18972778320312,-96.8382568359375,-83.37716674804688,-96.07247924804688,-105.3439636230469,-107.25146484375,-103.6848449707031,-96.40475463867188,-102.1492309570312
156TRP,-92.05068969726562,-95.33840942382812,-83.81500244140625,-96.23782348632812,-104.2224731445312,-108.4693908691406,-102.1150207519531,-97.0347900390625,-104.1925048828125
156TYR,-92.43179321289062,-96.43966674804688,-80.68112182617188,-95.53085327148438,-104.9615783691406,-107.5551452636719,-103.6753845214844,-96.59017944335938,-104.0075378417969
156VAL,-91.45797729492188,-96.93634033203125,-83.31039428710938,-97.07974243164062,-105.3358764648438,-108.9423828125,-103.8389892578125,-96.326416015625,-104.4733581542969
157ALA,-88.89309692382812,-91.910400390625,-73.667236328125,-92.552001953125,-99.1866455078125,-103.6932678222656,-99.08135986328125,-92.80673217773438,-101.1802062988281
157ARG,-88.76687622070312,-92.47882080078125,-74.30056762695312,-92.59548950195312,-98.90274047851562,-103.2451477050781,-100.4032897949219,-92.454833984375,-100.6534118652344
157ASN,-89.05203247070312,-92.7777099609375,-73.94235229492188,-92.95086669921875,-100.4301452636719,-103.7109069824219,-102.3634033203125,-92.95553588867188,-103.7550354003906
157ASP,-88.9931640625,-92.68759155273438,-74.62060546875,-92.40045166015625,-104.0956420898438,-108.1763000488281,-100.4378356933594,-92.90899658203125,-100.8246459960938
157CYS,-88.73590087890625,-92.02618408203125,-74.0279541015625,-92.6513671875,-98.45880126953125,-102.4833374023438,-99.89505004882812,-92.52935791015625,-100.6338195800781
157GLN,-89.14913940429688,-92.88079833984375,-74.03790283203125,-93.12890625,-101.0880126953125,-106.3147888183594,-100.1571960449219,-92.86737060546875,-102.4044799804688
157GLU,-88.73147583007812,-93.063232421875,-75.093017578125,-92.79391479492188,-97.51461791992188,-104.840576171875,-102.1577453613281,-93.10183715820312,-104.1799926757812
157GLY,-88.49984741210938,-91.86944580078125,-74.78353881835938,-92.56460571289062,-98.34872436523438,-103.1921081542969,-99.9996337890625,-92.33847045898438,-99.9498291015625
157HIS,-89.09423828125,-92.66275024414062,-74.84341430664062,-92.9400634765625,-100.8142700195312,-104.3189086914062,-102.4777526855469,-92.74044799804688,-103.7149047851562
157ILE,-88.87188720703125,-93.08969116210938,-76.92575073242188,-93.65011596679688,-97.20437622070312,-101.9642333984375,-103.3646240234375,-92.8717041015625,-97.38897705078125
157LEU,-88.39089965820312,-92.9295654296875,-75.16452026367188,-93.76034545898438,-98.29437255859375,-102.4343872070312,-101.0028686523438,-93.74383544921875,-103.6256103515625
157LYS,-89.30718994140625,-92.56552124023438,-73.84906005859375,-93.04202270507812,-100.0883178710938,-103.05419921875,-100.2723388671875,-92.94915771484375,-100.6567993164062
157MET,-90.4019775390625,-93.68511962890625,-74.74581909179688,-94.23876953125,-97.5025634765625,-101.4273986816406,-103.0667419433594,-93.39431762695312,-101.3494567871094
157PHE,-89.69488525390625,-93.07574462890625,-76.1824951171875,-92.46432495117188,-98.72000122070312,-102.7673645019531,-102.5191040039062,-93.5152587890625,-103.5332946777344
157PRO,-88.92861938476562,-93.10638427734375,-73.3743896484375,-92.19766235351562,-98.6451416015625,-103.7733764648438,-101.2211608886719,-92.876953125,-97.8712158203125
157SER,-89.1649169921875,-92.79940795898438,-71.75259399414062,-93.00302124023438,-96.54815673828125,-103.2929992675781,-99.92483520507812,-92.94403076171875,-103.6725769042969
157THR,-89.02047729492188,-91.38079833984375,-72.94882202148438,-93.00042724609375,-97.38015747070312,-101.6226501464844,-99.80422973632812,-92.89620971679688,-100.6038208007812
157TRP,-88.734130859375,-92.81243896484375,-75.40426635742188,-92.48446655273438,-99.61410522460938,-106.7657775878906,-102.1475524902344,-92.681884765625,-102.9370727539062
157TYR,-89.14926147460938,-92.4967041015625,-74.66656494140625,-92.30502319335938,-100.6538696289062,-103.3215942382812,-102.0007629394531,-92.85769653320312,-102.9632263183594
157VAL,-90.266357421875,-92.9884033203125,-78.15420532226562,-93.28814697265625,-97.470458984375,-101.8268432617188,-101.4244384765625,-92.93966674804688,-104.4504089355469
158ALA,-90.0291748046875,-93.679931640625,-72.37017822265625,-92.42236328125,-101.5257873535156,-102.3662719726562,-101.375732421875,-92.73626708984375,-98.46795654296875
158ARG,-89.8663330078125,-93.650634765625,-72.57894897460938,-92.55776977539062,-99.2652587890625,-103.3795776367188,-101.5477905273438,-92.47540283203125,-98.84762573242188
158ASN,-90.09896850585938,-93.79583740234375,-72.59234619140625,-92.4312744140625,-101.7887268066406,-103.3605346679688,-101.8709411621094,-92.17599487304688,-99.48983764648438
158ASP,-89.8232421875,-92.97967529296875,-72.31573486328125,-94.05255126953125,-101.3443603515625,-107.6744995117188,-101.6284484863281,-92.5535888671875,-99.1494140625
158CYS,-90.08612060546875,-93.34713745117188,-72.28033447265625,-92.88821411132812,-102.0465698242188,-105.6834716796875,-101.9244995117188,-92.71759033203125,-100.1634216308594
158GLN,-92.00323486328125,-96.1055908203125,-73.25555419921875,-95.15618896484375,-98.92254638671875,-102.9678039550781,-100.0838928222656,-94.65896606445312,-100.59228515625
158GLU,-90.17041015625,-96.10101318359375,-73.01522827148438,-93.65643310546875,-100.355224609375,-104.7545471191406,-102.6122436523438,-92.708984375,-99.15216064453125
158GLY,-90.1517333984375,-93.18792724609375,-72.55148315429688,-92.369873046875,-101.8493347167969,-102.9154052734375,-101.4927978515625,-92.595703125,-98.14895629882812
158HIS,-89.43475341796875,-92.99090576171875,-72.27886962890625,-92.76156616210938,-100.371337890625,-102.6556396484375,-102.980712890625,-92.26544189453125,-98.13067626953125
158ILE,-90.18441772460938,-93.62210083007812,-75.83822631835938,-92.97860717773438,-103.9486389160156,-106.7770385742188,-102.434814453125,-92.75836181640625,-100.3758544921875
158LEU,-89.76727294921875,-93.92544555664062,-71.20098876953125,-90.74984741210938,-100.6262512207031,-104.1080627441406,-100.469970703125,-92.73117065429688,-100.2994384765625
158LYS,-89.38888549804688,-95.95504760742188,-74.18228149414062,-92.84368896484375,-101.8666687011719,-102.1824035644531,-101.4383239746094,-92.466552734375,-99.06515502929688
158MET,-88.45510864257812,-93.61868286132812,-72.32455444335938,-92.77401733398438,-102.9284057617188,-105.9948120117188,-102.2323913574219,-92.60687255859375,-99.81912231445312
158PHE,-89.99215698242188,-92.8720703125,-72.25091552734375,-92.17697143554688,-102.3223876953125,-104.7421875,-101.2735595703125,-92.5146484375,-98.7967529296875
158PRO,-90.18118286132812,-93.24172973632812,-71.95953369140625,-92.9276123046875,-101.7308654785156,-103.6354675292969,-104.0928344726562,-92.66244506835938,-98.52426147460938
158SER,-90.08676147460938,-93.4776611328125,-71.58889770507812,-92.83624267578125,-100.0074157714844,-102.54443359375,-103.9825744628906,-92.60992431640625,-99.02536010742188
158THR,-89.3824462890625,-94.23599243164062,-72.05606079101562,-92.8453369140625,-100.0724487304688,-102.2413635253906,-100.49169921875,-91.19314575195312,-99.76913452148438
158TRP,-89.70645141601562,-93.16629028320312,-71.46963500976562,-92.54605102539062,-101.8456420898438,-102.552978515625,-101.6382141113281,-92.34848022460938,-99.07388305664062
158TYR,-89.93280029296875,-92.925048828125,-71.3245849609375,-92.60003662109375,-102.3381042480469,-105.5560913085938,-101.2576293945312,-92.53738403320312,-98.3270263671875
158VAL,-88.11712646484375,-93.49966430664062,-74.872314453125,-90.83724975585938,-103.8206481933594,-102.1590576171875,-99.6654052734375,-90.80087280273438,-100.2098083496094
